wallet,token,entry_time,pnl_usd,size_usd
wallet_03,TOKEN_029,2026-01-01T00:15:00Z,-1.2,20.0
wallet_11,TOKEN_051,2026-01-01T06:25:00Z,-5.22,20.0
wallet_07,TOKEN_127,2026-01-01T09:30:00Z,12.12,20.0
wallet_07,TOKEN_067,2026-01-01T11:25:00Z,14.59,20.0
wallet_10,TOKEN_094,2026-01-01T16:12:00Z,-2.45,20.0
wallet_03,TOKEN_135,2026-01-01T17:33:00Z,-7.08,20.0
wallet_04,TOKEN_080,2026-01-01T19:07:00Z,-11.27,20.0
wallet_04,TOKEN_092,2026-01-01T21:16:00Z,-8.83,20.0
wallet_04,TOKEN_076,2026-01-01T22:50:00Z,-5.43,20.0
wallet_08,TOKEN_090,2026-01-01T23:22:00Z,13.34,20.0
wallet_01,TOKEN_106,2026-01-01T23:47:00Z,-4.1,20.0
wallet_07,TOKEN_115,2026-01-01T23:49:00Z,-4.16,20.0
wallet_11,TOKEN_095,2026-01-02T01:31:00Z,-5.6,20.0
wallet_04,TOKEN_128,2026-01-02T03:07:00Z,-6.14,20.0
wallet_09,TOKEN_097,2026-01-02T04:14:00Z,-9.54,20.0
wallet_08,TOKEN_121,2026-01-02T04:57:00Z,-8.55,20.0
wallet_04,TOKEN_096,2026-01-02T07:41:00Z,-5.48,20.0
wallet_06,TOKEN_129,2026-01-02T09:50:00Z,-3.88,20.0
wallet_07,TOKEN_020,2026-01-02T11:57:00Z,-2.56,20.0
wallet_02,TOKEN_064,2026-01-02T13:36:00Z,3.04,20.0
wallet_06,TOKEN_070,2026-01-02T23:36:00Z,-11.47,20.0
wallet_03,TOKEN_073,2026-01-02T23:49:00Z,-7.93,20.0
wallet_06,TOKEN_056,2026-01-03T00:14:00Z,8.42,20.0
wallet_09,TOKEN_073,2026-01-03T01:24:00Z,-8.5,20.0
wallet_02,TOKEN_093,2026-01-03T04:43:00Z,-9.21,20.0
wallet_06,TOKEN_021,2026-01-03T04:44:00Z,-2.62,20.0
wallet_03,TOKEN_131,2026-01-03T04:57:00Z,-4.02,20.0
wallet_10,TOKEN_036,2026-01-03T05:29:00Z,-3.86,20.0
wallet_06,TOKEN_027,2026-01-03T07:27:00Z,-5.75,20.0
wallet_07,TOKEN_073,2026-01-03T08:05:00Z,-5.36,20.0
wallet_02,TOKEN_081,2026-01-03T11:16:00Z,-6.43,20.0
wallet_04,TOKEN_036,2026-01-03T11:24:00Z,-4.56,20.0
wallet_01,TOKEN_097,2026-01-03T19:43:00Z,1.88,20.0
wallet_12,TOKEN_135,2026-01-03T19:47:00Z,6.78,20.0
wallet_10,TOKEN_049,2026-01-03T20:34:00Z,-6.84,20.0
wallet_09,TOKEN_116,2026-01-03T21:12:00Z,-9.26,20.0
wallet_11,TOKEN_011,2026-01-03T23:49:00Z,-9.0,20.0
wallet_08,TOKEN_046,2026-01-04T01:18:00Z,-5.16,20.0
wallet_06,TOKEN_042,2026-01-04T06:49:00Z,-10.67,20.0
wallet_03,TOKEN_126,2026-01-04T12:46:00Z,-11.57,20.0
wallet_08,TOKEN_043,2026-01-04T16:20:00Z,15.42,20.0
wallet_04,TOKEN_128,2026-01-04T16:34:00Z,-7.98,20.0
wallet_12,TOKEN_102,2026-01-04T20:45:00Z,-9.07,20.0
wallet_06,TOKEN_014,2026-01-04T22:15:00Z,-7.85,20.0
wallet_08,TOKEN_046,2026-01-04T22:45:00Z,-7.85,20.0
wallet_07,TOKEN_019,2026-01-05T00:44:00Z,-0.79,20.0
wallet_01,TOKEN_037,2026-01-05T01:14:00Z,-10.97,20.0
wallet_04,TOKEN_130,2026-01-05T02:02:00Z,-1.64,20.0
wallet_01,TOKEN_023,2026-01-05T03:04:00Z,-1.4,20.0
wallet_08,TOKEN_013,2026-01-05T03:16:00Z,-3.07,20.0
wallet_02,TOKEN_015,2026-01-05T10:45:00Z,6.94,20.0
wallet_10,TOKEN_079,2026-01-05T16:33:00Z,-8.37,20.0
wallet_08,TOKEN_134,2026-01-05T18:15:00Z,-10.66,20.0
wallet_01,TOKEN_104,2026-01-05T18:35:00Z,4.16,20.0
wallet_05,TOKEN_042,2026-01-05T22:49:00Z,-11.15,20.0
wallet_05,TOKEN_034,2026-01-05T23:33:00Z,17.15,20.0
wallet_11,TOKEN_065,2026-01-06T02:28:00Z,-5.59,20.0
wallet_01,TOKEN_035,2026-01-06T08:39:00Z,-2.24,20.0
wallet_08,TOKEN_096,2026-01-06T10:12:00Z,7.33,20.0
wallet_05,TOKEN_037,2026-01-06T12:03:00Z,-4.89,20.0
wallet_12,TOKEN_138,2026-01-06T12:20:00Z,-8.17,20.0
wallet_09,TOKEN_052,2026-01-06T12:50:00Z,-2.16,20.0
wallet_04,TOKEN_027,2026-01-06T14:38:00Z,-7.94,20.0
wallet_08,TOKEN_022,2026-01-06T17:14:00Z,-1.05,20.0
wallet_04,TOKEN_010,2026-01-06T19:46:00Z,-4.06,20.0
wallet_09,TOKEN_131,2026-01-06T22:17:00Z,-1.06,20.0
wallet_04,TOKEN_084,2026-01-06T23:10:00Z,10.29,20.0
wallet_01,TOKEN_053,2026-01-07T16:07:00Z,-6.62,20.0
wallet_01,TOKEN_019,2026-01-07T18:15:00Z,-7.6,20.0
wallet_03,TOKEN_035,2026-01-07T19:05:00Z,19.32,20.0
wallet_01,TOKEN_113,2026-01-07T19:37:00Z,-7.54,20.0
wallet_12,TOKEN_041,2026-01-07T21:05:00Z,3.4,20.0
wallet_08,TOKEN_115,2026-01-08T00:37:00Z,2.97,20.0
wallet_02,TOKEN_055,2026-01-08T00:41:00Z,-9.54,20.0
wallet_05,TOKEN_060,2026-01-08T01:34:00Z,23.0,20.0
wallet_11,TOKEN_009,2026-01-08T01:39:00Z,-4.32,20.0
wallet_05,TOKEN_061,2026-01-08T05:52:00Z,-2.91,20.0
wallet_07,TOKEN_101,2026-01-08T13:42:00Z,-6.26,20.0
wallet_03,TOKEN_072,2026-01-08T16:18:00Z,-10.81,20.0
wallet_05,TOKEN_056,2026-01-08T17:26:00Z,12.38,20.0
wallet_07,TOKEN_036,2026-01-08T22:48:00Z,-3.38,20.0
wallet_12,TOKEN_120,2026-01-08T23:34:00Z,15.87,20.0
wallet_02,TOKEN_022,2026-01-09T06:18:00Z,-1.05,20.0
wallet_12,TOKEN_084,2026-01-09T08:15:00Z,1.76,20.0
wallet_04,TOKEN_040,2026-01-09T13:37:00Z,-10.95,20.0
wallet_01,TOKEN_004,2026-01-09T14:56:00Z,12.33,20.0
wallet_02,TOKEN_019,2026-01-09T17:23:00Z,-11.36,20.0
wallet_02,TOKEN_039,2026-01-09T18:21:00Z,17.51,20.0
wallet_02,TOKEN_053,2026-01-09T19:49:00Z,-2.88,20.0
wallet_01,TOKEN_049,2026-01-09T20:04:00Z,-10.04,20.0
wallet_06,TOKEN_058,2026-01-09T21:09:00Z,-9.59,20.0
wallet_07,TOKEN_126,2026-01-09T23:32:00Z,-9.63,20.0
wallet_02,TOKEN_031,2026-01-10T01:42:00Z,-9.52,20.0
wallet_07,TOKEN_022,2026-01-10T03:31:00Z,-6.33,20.0
wallet_10,TOKEN_074,2026-01-10T04:40:00Z,0.43,20.0
wallet_04,TOKEN_066,2026-01-10T06:12:00Z,17.68,20.0
wallet_05,TOKEN_020,2026-01-10T08:09:00Z,-3.28,20.0
wallet_05,TOKEN_100,2026-01-10T14:09:00Z,22.72,20.0
wallet_07,TOKEN_060,2026-01-10T15:31:00Z,-4.11,20.0
wallet_02,TOKEN_094,2026-01-10T18:30:00Z,-10.97,20.0
wallet_01,TOKEN_125,2026-01-10T21:46:00Z,-8.26,20.0
wallet_07,TOKEN_051,2026-01-10T22:15:00Z,-2.69,20.0
wallet_08,TOKEN_090,2026-01-11T00:48:00Z,-4.76,20.0
wallet_11,TOKEN_016,2026-01-11T01:28:00Z,-5.12,20.0
wallet_05,TOKEN_043,2026-01-11T01:31:00Z,-8.82,20.0
wallet_11,TOKEN_081,2026-01-11T02:05:00Z,-9.12,20.0
wallet_09,TOKEN_109,2026-01-11T03:50:00Z,13.74,20.0
wallet_04,TOKEN_025,2026-01-11T04:21:00Z,-6.15,20.0
wallet_05,TOKEN_059,2026-01-11T07:42:00Z,-11.15,20.0
wallet_09,TOKEN_076,2026-01-11T09:38:00Z,-1.33,20.0
wallet_01,TOKEN_027,2026-01-11T12:26:00Z,1094.54,20.0
wallet_05,TOKEN_041,2026-01-11T12:53:00Z,-3.05,20.0
wallet_03,TOKEN_060,2026-01-11T16:36:00Z,11.28,20.0
wallet_05,TOKEN_064,2026-01-12T02:37:00Z,-8.57,20.0
wallet_06,TOKEN_085,2026-01-12T03:00:00Z,-6.84,20.0
wallet_12,TOKEN_067,2026-01-12T03:58:00Z,6.24,20.0
wallet_11,TOKEN_063,2026-01-12T05:51:00Z,-3.28,20.0
wallet_02,TOKEN_132,2026-01-12T06:07:00Z,18.17,20.0
wallet_01,TOKEN_056,2026-01-12T06:27:00Z,-2.07,20.0
wallet_09,TOKEN_046,2026-01-12T09:33:00Z,-9.76,20.0
wallet_12,TOKEN_120,2026-01-12T10:12:00Z,-5.01,20.0
wallet_05,TOKEN_076,2026-01-12T13:29:00Z,-3.65,20.0
wallet_10,TOKEN_071,2026-01-12T13:36:00Z,-5.8,20.0
wallet_03,TOKEN_004,2026-01-12T15:10:00Z,17.88,20.0
wallet_05,TOKEN_034,2026-01-12T18:28:00Z,-10.29,20.0
wallet_09,TOKEN_064,2026-01-12T19:32:00Z,-10.59,20.0
wallet_05,TOKEN_066,2026-01-12T20:10:00Z,-11.73,20.0
wallet_04,TOKEN_004,2026-01-12T22:59:00Z,-7.32,20.0
wallet_08,TOKEN_048,2026-01-12T23:31:00Z,10.92,20.0
wallet_05,TOKEN_022,2026-01-13T00:51:00Z,-3.14,20.0
wallet_11,TOKEN_112,2026-01-13T01:46:00Z,-11.06,20.0
wallet_08,TOKEN_025,2026-01-13T06:39:00Z,3.81,20.0
wallet_10,TOKEN_117,2026-01-13T06:50:00Z,2.61,20.0
wallet_03,TOKEN_137,2026-01-13T08:11:00Z,4.26,20.0
wallet_08,TOKEN_092,2026-01-13T17:11:00Z,-11.88,20.0
wallet_06,TOKEN_114,2026-01-13T17:37:00Z,0.47,20.0
wallet_09,TOKEN_033,2026-01-13T19:44:00Z,10.19,20.0
wallet_11,TOKEN_023,2026-01-14T01:52:00Z,-7.8,20.0
wallet_02,TOKEN_051,2026-01-14T04:34:00Z,-10.88,20.0
wallet_04,TOKEN_120,2026-01-14T10:08:00Z,18.35,20.0
wallet_12,TOKEN_140,2026-01-14T13:35:00Z,-9.24,20.0
wallet_03,TOKEN_103,2026-01-14T15:17:00Z,-5.09,20.0
wallet_01,TOKEN_006,2026-01-14T19:45:00Z,13.78,20.0
wallet_10,TOKEN_117,2026-01-14T22:28:00Z,-7.75,20.0
wallet_03,TOKEN_068,2026-01-15T04:46:00Z,5.16,20.0
wallet_01,TOKEN_016,2026-01-15T07:11:00Z,11.01,20.0
wallet_03,TOKEN_064,2026-01-15T08:43:00Z,-5.57,20.0
wallet_09,TOKEN_078,2026-01-15T09:32:00Z,-3.78,20.0
wallet_02,TOKEN_090,2026-01-15T17:43:00Z,-3.48,20.0
wallet_12,TOKEN_029,2026-01-15T23:37:00Z,-11.22,20.0
wallet_06,TOKEN_118,2026-01-16T02:05:00Z,-0.81,20.0
wallet_01,TOKEN_080,2026-01-16T06:16:00Z,4.72,20.0
wallet_05,TOKEN_050,2026-01-16T10:21:00Z,-10.84,20.0
wallet_05,TOKEN_019,2026-01-16T13:36:00Z,10.27,20.0
wallet_08,TOKEN_124,2026-01-16T14:14:00Z,-2.24,20.0
wallet_09,TOKEN_079,2026-01-16T14:19:00Z,-11.8,20.0
wallet_08,TOKEN_067,2026-01-16T16:02:00Z,14.68,20.0
wallet_01,TOKEN_029,2026-01-16T16:40:00Z,22.32,20.0
wallet_07,TOKEN_008,2026-01-16T18:46:00Z,-9.41,20.0
wallet_10,TOKEN_115,2026-01-16T19:01:00Z,-5.0,20.0
wallet_10,TOKEN_095,2026-01-16T20:02:00Z,-2.56,20.0
wallet_01,TOKEN_103,2026-01-17T08:21:00Z,-2.38,20.0
wallet_02,TOKEN_024,2026-01-17T08:43:00Z,12.77,20.0
wallet_05,TOKEN_030,2026-01-17T08:58:00Z,-1.15,20.0
wallet_05,TOKEN_097,2026-01-17T09:29:00Z,-7.18,20.0
wallet_07,TOKEN_081,2026-01-17T10:56:00Z,-11.13,20.0
wallet_08,TOKEN_009,2026-01-17T11:44:00Z,-8.79,20.0
wallet_05,TOKEN_092,2026-01-17T13:20:00Z,-0.81,20.0
wallet_03,TOKEN_131,2026-01-17T14:52:00Z,-1.88,20.0
wallet_11,TOKEN_024,2026-01-17T16:32:00Z,-3.58,20.0
wallet_06,TOKEN_066,2026-01-17T17:58:00Z,-1.15,20.0
wallet_05,TOKEN_138,2026-01-17T21:44:00Z,-5.09,20.0
wallet_07,TOKEN_023,2026-01-17T22:16:00Z,-7.96,20.0
wallet_01,TOKEN_080,2026-01-18T00:22:00Z,-4.92,20.0
wallet_09,TOKEN_072,2026-01-18T07:32:00Z,-11.85,20.0
wallet_07,TOKEN_042,2026-01-18T08:01:00Z,16.1,20.0
wallet_11,TOKEN_017,2026-01-18T11:15:00Z,-9.22,20.0
wallet_09,TOKEN_056,2026-01-18T12:02:00Z,21.56,20.0
wallet_11,TOKEN_108,2026-01-18T17:07:00Z,-3.44,20.0
wallet_01,TOKEN_010,2026-01-18T17:48:00Z,-4.3,20.0
wallet_11,TOKEN_111,2026-01-18T21:21:00Z,-6.82,20.0
wallet_07,TOKEN_015,2026-01-18T21:45:00Z,-2.27,20.0
wallet_07,TOKEN_062,2026-01-18T22:45:00Z,-6.95,20.0
wallet_06,TOKEN_001,2026-01-19T03:00:00Z,-4.46,20.0
wallet_08,TOKEN_027,2026-01-19T06:17:00Z,-4.65,20.0
wallet_04,TOKEN_082,2026-01-19T08:41:00Z,-2.87,20.0
wallet_01,TOKEN_106,2026-01-19T10:07:00Z,15.16,20.0
wallet_03,TOKEN_001,2026-01-19T10:49:00Z,-8.37,20.0
wallet_07,TOKEN_041,2026-01-19T11:41:00Z,-9.95,20.0
wallet_04,TOKEN_006,2026-01-19T20:04:00Z,-5.31,20.0
wallet_01,TOKEN_055,2026-01-19T21:42:00Z,14.47,20.0
wallet_02,TOKEN_117,2026-01-20T00:18:00Z,1194.88,20.0
wallet_03,TOKEN_111,2026-01-20T04:08:00Z,-5.2,20.0
wallet_07,TOKEN_114,2026-01-20T11:51:00Z,-8.25,20.0
wallet_08,TOKEN_103,2026-01-20T14:14:00Z,-10.67,20.0
wallet_04,TOKEN_098,2026-01-20T16:20:00Z,-9.97,20.0
wallet_01,TOKEN_027,2026-01-20T17:50:00Z,-11.24,20.0
wallet_12,TOKEN_123,2026-01-20T20:56:00Z,-0.67,20.0
wallet_07,TOKEN_016,2026-01-21T01:16:00Z,23.64,20.0
wallet_03,TOKEN_092,2026-01-21T02:44:00Z,-1.65,20.0
wallet_11,TOKEN_079,2026-01-21T06:48:00Z,-2.95,20.0
wallet_05,TOKEN_022,2026-01-21T08:12:00Z,10.34,20.0
wallet_02,TOKEN_077,2026-01-21T10:14:00Z,-10.58,20.0
wallet_05,TOKEN_118,2026-01-21T10:55:00Z,12.36,20.0
wallet_08,TOKEN_057,2026-01-21T11:28:00Z,-4.39,20.0
wallet_04,TOKEN_021,2026-01-21T12:27:00Z,17.68,20.0
wallet_03,TOKEN_098,2026-01-21T23:26:00Z,-7.79,20.0
wallet_09,TOKEN_060,2026-01-22T02:43:00Z,-1.75,20.0
wallet_11,TOKEN_126,2026-01-22T03:32:00Z,-6.49,20.0
wallet_02,TOKEN_030,2026-01-22T04:59:00Z,-11.92,20.0
wallet_04,TOKEN_048,2026-01-22T06:45:00Z,-6.58,20.0
wallet_12,TOKEN_094,2026-01-22T06:53:00Z,21.23,20.0
wallet_03,TOKEN_009,2026-01-22T12:56:00Z,-9.31,20.0
wallet_09,TOKEN_024,2026-01-22T13:34:00Z,-1.35,20.0
wallet_11,TOKEN_065,2026-01-22T13:53:00Z,-7.47,20.0
wallet_08,TOKEN_050,2026-01-22T14:19:00Z,-9.01,20.0
wallet_05,TOKEN_035,2026-01-22T14:43:00Z,15.12,20.0
wallet_11,TOKEN_017,2026-01-22T15:01:00Z,5.92,20.0
wallet_04,TOKEN_071,2026-01-22T18:08:00Z,-6.68,20.0
wallet_04,TOKEN_118,2026-01-22T19:12:00Z,-4.96,20.0
wallet_12,TOKEN_078,2026-01-22T22:55:00Z,-2.12,20.0
wallet_01,TOKEN_084,2026-01-22T23:00:00Z,-6.65,20.0
wallet_02,TOKEN_059,2026-01-22T23:11:00Z,-4.45,20.0
wallet_05,TOKEN_033,2026-01-22T23:16:00Z,-1.1,20.0
wallet_02,TOKEN_127,2026-01-23T01:48:00Z,-10.82,20.0
wallet_11,TOKEN_005,2026-01-23T06:26:00Z,-8.36,20.0
wallet_05,TOKEN_014,2026-01-23T08:49:00Z,741.74,20.0
wallet_02,TOKEN_029,2026-01-23T09:15:00Z,23.57,20.0
wallet_06,TOKEN_114,2026-01-23T10:19:00Z,-6.5,20.0
wallet_01,TOKEN_119,2026-01-23T11:14:00Z,-7.56,20.0
wallet_11,TOKEN_100,2026-01-23T11:47:00Z,-8.82,20.0
wallet_07,TOKEN_039,2026-01-23T12:14:00Z,-6.47,20.0
wallet_09,TOKEN_081,2026-01-23T14:30:00Z,-4.59,20.0
wallet_02,TOKEN_043,2026-01-23T18:47:00Z,-1.46,20.0
wallet_04,TOKEN_055,2026-01-23T19:24:00Z,5.42,20.0
wallet_04,TOKEN_078,2026-01-23T19:25:00Z,-10.87,20.0
wallet_03,TOKEN_092,2026-01-23T21:04:00Z,-6.67,20.0
wallet_05,TOKEN_001,2026-01-23T21:22:00Z,-1.4,20.0
wallet_08,TOKEN_072,2026-01-23T21:50:00Z,-4.71,20.0
wallet_11,TOKEN_102,2026-01-23T23:27:00Z,19.21,20.0
wallet_12,TOKEN_132,2026-01-24T00:11:00Z,-8.97,20.0
wallet_09,TOKEN_123,2026-01-24T00:41:00Z,6.6,20.0
wallet_06,TOKEN_017,2026-01-24T02:08:00Z,-11.91,20.0
wallet_07,TOKEN_129,2026-01-24T05:39:00Z,3.98,20.0
wallet_08,TOKEN_084,2026-01-24T07:25:00Z,-6.36,20.0
wallet_03,TOKEN_075,2026-01-24T07:58:00Z,-5.53,20.0
wallet_12,TOKEN_048,2026-01-24T10:40:00Z,-7.36,20.0
wallet_10,TOKEN_082,2026-01-24T11:03:00Z,-8.47,20.0
wallet_12,TOKEN_068,2026-01-24T11:58:00Z,-8.49,20.0
wallet_01,TOKEN_091,2026-01-24T12:26:00Z,-8.15,20.0
wallet_04,TOKEN_103,2026-01-24T13:23:00Z,-3.18,20.0
wallet_10,TOKEN_126,2026-01-25T00:33:00Z,652.37,20.0
wallet_04,TOKEN_043,2026-01-25T04:34:00Z,-1.1,20.0
wallet_10,TOKEN_016,2026-01-25T04:46:00Z,-6.26,20.0
wallet_10,TOKEN_094,2026-01-25T07:09:00Z,22.93,20.0
wallet_06,TOKEN_039,2026-01-25T09:19:00Z,-1.15,20.0
wallet_04,TOKEN_098,2026-01-25T09:50:00Z,-7.79,20.0
wallet_02,TOKEN_013,2026-01-25T15:29:00Z,-2.83,20.0
wallet_07,TOKEN_017,2026-01-25T18:51:00Z,-6.09,20.0
wallet_05,TOKEN_020,2026-01-25T22:36:00Z,19.17,20.0
wallet_08,TOKEN_120,2026-01-25T23:44:00Z,-11.92,20.0
wallet_11,TOKEN_103,2026-01-25T23:54:00Z,-11.32,20.0
wallet_08,TOKEN_017,2026-01-26T00:53:00Z,-9.67,20.0
wallet_06,TOKEN_068,2026-01-26T04:53:00Z,-3.63,20.0
wallet_03,TOKEN_037,2026-01-26T07:49:00Z,-8.87,20.0
wallet_10,TOKEN_014,2026-01-26T10:52:00Z,-10.53,20.0
wallet_02,TOKEN_090,2026-01-26T12:54:00Z,-10.69,20.0
wallet_07,TOKEN_068,2026-01-26T14:12:00Z,-1.24,20.0
wallet_06,TOKEN_024,2026-01-26T22:10:00Z,-4.8,20.0
wallet_02,TOKEN_134,2026-01-27T13:26:00Z,-3.16,20.0
wallet_05,TOKEN_133,2026-01-27T15:55:00Z,15.49,20.0
wallet_05,TOKEN_096,2026-01-27T19:32:00Z,9.61,20.0
wallet_05,TOKEN_082,2026-01-28T02:31:00Z,-3.99,20.0
wallet_04,TOKEN_084,2026-01-28T02:40:00Z,-5.85,20.0
wallet_10,TOKEN_120,2026-01-28T02:50:00Z,-2.27,20.0
wallet_12,TOKEN_084,2026-01-28T08:42:00Z,9.57,20.0
wallet_02,TOKEN_096,2026-01-28T10:40:00Z,-2.63,20.0
wallet_03,TOKEN_137,2026-01-28T13:12:00Z,-8.46,20.0
wallet_12,TOKEN_078,2026-01-28T15:17:00Z,-9.41,20.0
wallet_01,TOKEN_051,2026-01-28T16:11:00Z,5.11,20.0
wallet_05,TOKEN_002,2026-01-28T18:04:00Z,13.02,20.0
wallet_11,TOKEN_130,2026-01-28T21:45:00Z,-5.33,20.0
wallet_10,TOKEN_039,2026-01-28T22:21:00Z,-11.42,20.0
wallet_01,TOKEN_126,2026-01-29T03:38:00Z,-5.69,20.0
wallet_05,TOKEN_002,2026-01-29T05:08:00Z,14.47,20.0
wallet_01,TOKEN_084,2026-01-29T06:18:00Z,-4.84,20.0
wallet_12,TOKEN_042,2026-01-29T06:21:00Z,-10.37,20.0
wallet_07,TOKEN_102,2026-01-29T20:48:00Z,-1.78,20.0
wallet_05,TOKEN_027,2026-01-29T21:32:00Z,16.02,20.0
wallet_11,TOKEN_059,2026-01-29T23:54:00Z,1.39,20.0
wallet_11,TOKEN_074,2026-01-30T06:04:00Z,-7.63,20.0
wallet_10,TOKEN_001,2026-01-30T06:28:00Z,-8.04,20.0
wallet_03,TOKEN_008,2026-01-30T06:55:00Z,3.67,20.0
wallet_08,TOKEN_026,2026-01-30T09:57:00Z,19.09,20.0
wallet_08,TOKEN_017,2026-01-30T10:50:00Z,16.96,20.0
wallet_03,TOKEN_134,2026-01-30T11:04:00Z,-1.84,20.0
wallet_04,TOKEN_020,2026-01-30T15:38:00Z,-4.38,20.0
wallet_06,TOKEN_013,2026-01-30T17:22:00Z,5.76,20.0
wallet_09,TOKEN_122,2026-01-30T23:03:00Z,10.95,20.0
wallet_04,TOKEN_039,2026-01-30T23:16:00Z,3.97,20.0
